NAME	ORIGINAL SIZE	AFTER RESTRICTING TO DATASET	STATUS	
GSI-NOTCH_DOWN_ONLY	41	41		
GSI-NOTCH	48	48		
NOTCH_TARGETS_GSI	55	54		
AAANWWTGC_UNKNOWN	195	194		
AAAYRNCTG_UNKNOWN	375	368		
MYOD_01	269	266		
E47_01	255	253		
CMYB_01	255	252		
AP4_01	265	265		
AACTTT_UNKNOWN	1022		Rejected!	
MEF2_01	148	146		
ELK1_01	275	274		
SP1_01	239	237		
EVI1_06	23	22		
ATF_01	267	264		
HOX13_01	46	45		
ELK1_02	256	255		
RSRFC4_01	249	248		
CETS1P54_01	265	263		
AACWWCAANK_UNKNOWN	146	145		
P300_01	256	254		
NFE2_01	275	270		
CREB_01	268	265		
CREBP1_01	183	181		
CREBP1CJUN_01	264	261		
SOX5_01	268	265		
E4BP4_01	223	218		
NFKAPPAB65_01	241	239		
CREL_01	257	255		
AACYNNNNTTCCS_UNKNOWN	101	100		
NFKAPPAB_01	255	251		
NMYC_01	280	276		
MYOGNF1_01	48	46		
COMP1_01	118	118		
HEN1_02	200	197		
YY1_01	252	250		
IRF1_01	255	253		
IRF2_01	129	129		
TAL1BETAE47_01	255	249		
TAL1ALPHAE47_01	258	254		
AAGWWRNYGGC_UNKNOWN	123	121		
HEN1_01	200	197		
YY1_02	251	251		
TAL1BETAITF2_01	266	260		
E47_02	254	250		
CP2_01	260	259		
GATA1_01	247	241		
GATA2_01	105	105		
GATA3_01	245	239		
EVI1_01	16	16		
EVI1_02	137	136		
ACAWNRNSRCGG_UNKNOWN	64	63		
EVI1_03	58	58		
EVI1_04	241	239		
EVI1_05	174	173		
MZF1_01	240	240		
MZF1_02	236	235		
ZID_01	269	268		
IK1_01	282	277		
IK2_01	273	272		
IK3_01	229	226		
CDP_01	95	88		
ACAWYAAAG_UNKNOWN	107	102		
PBX1_01	260	257		
PAX6_01	102	101		
PAX2_01	59	59		
S8_01	247	241		
CDP_02	111	109		
CDPCR1_01	129	126		
CDPCR3HD_01	238	235		
NRF2_01	273	270		
CEBPB_01	267	262		
ACCTGTTG_UNKNOWN	160	158		
CREB_02	260	259		
TAXCREB_01	140	138		
CEBPA_01	256	247		
CEBPB_02	266	262		
MYCMAX_01	257	255		
MAX_01	266	264		
USF_01	264	263		
USF_02	278	275		
MYCMAX_02	272	267		
ACTAYRNNNCCCR_UNKNOWN	463	463		
PBX1_02	132	131		
GATA1_02	249	244		
GATA1_03	246	244		
GATA1_04	247	243		
HFH1_01	251	248		
FOXD3_01	202	200		
HNF3B_01	223	220		
HNF1_01	246	240		
TST1_01	265	259		
HNF4_01	273	272		
ACTWSNACTNY_UNKNOWN	106	106		
OCT1_01	271	261		
OCT1_02	214	209		
OCT1_03	236	230		
OCT1_04	243	234		
AHR_01	65	65		
LYF1_01	271	267		
PAX5_01	156	154		
PAX5_02	17	17		
BRN2_01	240	236		
HSF1_01	276	270		
AGCYRWTTC_UNKNOWN	121	119		
HSF2_01	259	254		
SRY_01	228	227		
SRF_01	51	51		
ARP1_01	167	164		
RORA1_01	248	245		
RORA2_01	156	155		
COUP_01	265	262		
CEBP_01	277	271		
SRY_02	259	255		
OCT1_05	255	245		
ARGGGTTAA_UNKNOWN	122	122		
OCT1_06	268	260		
AP1FJ_Q2	271	268		
AP1_Q2	265	263		
AP1_Q6	259	255		
AP4_Q5	272	271		
AP4_Q6	225	224		
CREB_Q2	269	267		
CREB_Q4	272	270		
CREBP1_Q2	260	256		
MYB_Q6	257	254		
ATCMNTCCGY_UNKNOWN	53	53		
MYOD_Q6	249	246		
NFY_Q6	263	259		
SRF_Q6	248	247		
USF_Q6	264	261		
AP1_Q4	271	268		
AP2_Q6	259	259		
CEBP_Q2	238	234		
ER_Q6	284	282		
GR_Q6	275	268		
NF1_Q6	270	269		
ATGGYGGA_UNKNOWN	105	104		
NFKB_Q6	258	253		
OCT1_Q6	272	262		
SP1_Q6	260	259		
AP1_C	276	274		
CEBP_C	207	202		
GATA_C	268	265		
GRE_C	129	128		
HNF1_C	249	246		
NFKB_C	268	263		
NFY_C	250	245		
CAGNWMCNNNGAC_UNKNOWN	88	88		
OCT_C	270	257		
SEF1_C	6		Rejected!	
SRF_C	215	213		
TATA_C	285	280		
USF_C	284	280		
SREBP1_01	174	174		
SREBP1_02	88	87		
HAND1E47_01	284	279		
STAT_01	258	255		
STAT1_01	69	68		
CAGNYGKNAAA_UNKNOWN	78	77		
STAT3_01	22	22		
MEF2_02	236	232		
MEF2_03	240	236		
MEF2_04	26	26		
AHRARNT_01	142	140		
ARNT_01	271	266		
AHRARNT_02	15	15		
NKX25_01	127	126		
NKX25_02	267	264		
PPARA_01	37	37		
CATRRAGC_UNKNOWN	139	137		
EGR1_01	269	269		
NGFIC_01	255	254		
EGR3_01	83	83		
EGR2_01	198	197		
OCT1_07	168	165		
CHOP_01	239	238		
GFI1_01	265	263		
XBP1_01	135	135		
TATA_01	256	249		
NRSF_01	97	97		
CCAATNNSNNNGCG_UNKNOWN	60	60		
RREB1_01	209	208		
ISRE_01	253	250		
HLF_01	259	254		
OLF1_01	275	273		
AML1_01	271	269		
P53_02	255	249		
LMO2COM_01	265	262		
LMO2COM_02	244	238		
MIF1_01	186	181		
RFX1_01	263	259		
CCANNAGRKGGC_UNKNOWN	120	118		
RFX1_02	286	279		
TCF11MAFG_01	206	203		
TCF11_01	258	253		
NFY_01	261	257		
HFH3_01	196	195		
FREAC2_01	264	263		
FREAC3_01	257	252		
FREAC4_01	153	151		
FREAC7_01	200	197		
HFH8_01	208	205		
CCAWNWWNNNGGC_UNKNOWN	87	86		
NFAT_Q6	249	245		
MYCMAX_B	273	266		
PAX3_B	91	90		
PAX8_B	106	106		
WHN_B	261	257		
ZF5_B	243	240		
ATF_B	191	189		
ETS1_B	268	266		
ETS2_B	281	279		
GABP_B	265	265		
CCAWYNNGAAR_UNKNOWN	148	146		
OCT1_B	269	261		
GATA1_05	284	279		
PAX4_01	268	265		
PAX4_02	241	237		
PAX4_03	256	253		
PAX4_04	223	222		
MSX1_01	175	173		
HOXA3_01	14		Rejected!	
EN1_01	111	111		
CCCNNNNNNAAGWT_UNKNOWN	104	103		
AMEF2_Q6	265	262		
MMEF2_Q6	274	270		
HMEF2_Q6	141	140		
RSRFC4_Q2	217	217		
SOX9_B1	238	237		
HNF4_01_B	257	255		
AREB6_01	273	266		
AREB6_02	259	256		
AREB6_03	263	262		
AREB6_04	253	250		
CCGNMNNTNACG_UNKNOWN	79	79		
CART1_01	229	222		
TGIF_01	254	251		
MEIS1_01	249	248		
MEIS1AHOXA9_01	121	119		
MEIS1BHOXA9_01	144	144		
FOXJ2_01	187	185		
FOXJ2_02	243	239		
NKX61_01	235	233		
CCTNTMAGA_UNKNOWN	134	129		
TITF1_Q3	244	238		
IPF1_Q4	258	249		
CHX10_01	228	222		
VDR_Q3	232	232		
SPZ1_01	235	232		
CGGAARNGGCNG_UNKNOWN	56	56		
AR_Q2	126	121		
ZIC1_01	266	263		
ZIC2_01	252	249		
ZIC3_01	255	253		
NKX3A_01	238	234		
IRF7_01	258	255		
FAC1_01	224	224		
STAT5A_01	259	258		
STAT5B_01	255	255		
STAT5A_02	143	143		
CRGAARNNNNCGA_UNKNOWN	48	48		
GATA6_01	268	262		
POU3F2_01	102	97		
POU3F2_02	265	258		
POU6F1_01	240	235		
HIF1_Q5	249	248		
AP2REP_01	182	180		
AP2ALPHA_01	243	243		
AP2GAMMA_01	252	252		
TBP_01	248	237		
CTCNANGTGNY_UNKNOWN	94	90		
FOXO4_01	246	243		
FOXO1_01	248	246		
FOXO1_02	249	248		
FOXO4_02	263	261		
FOXO3_01	251	249		
CDC5_01	266	259		
AR_01	159	155		
PITX2_Q2	264	257		
ATF6_01	126	125		
NCX_01	176	174		
CTGCAGY_UNKNOWN	779		Rejected!	
NKX22_01	192	191		
PAX2_02	265	264		
NKX62_Q2	246	235		
BACH2_01	273	268		
MAZR_01	224	223		
STAT1_02	263	259		
STAT5A_03	274	269		
STAT6_01	272	270		
BACH1_01	263	258		
STAT1_03	254	250		
CTGRYYYNATT_UNKNOWN	74	73		
STAT3_02	148	148		
STAT4_01	268	264		
STAT5A_04	214	212		
STAT6_02	260	256		
LHX3_01	232	229		
ERR1_Q2	267	266		
PPARG_01	47	47		
ATF3_Q6	253	252		
ATF4_Q2	260	257		
CTGYNNCTYTAA_UNKNOWN	88	88		
AP1_01	271	268		
PPARA_02	133	131		
GNCF_01	78	75		
NERF_Q2	254	252		
RP58_01	212	208		
HTF_01	71	71		
ARNT_02	256	255		
MYCMAX_03	264	261		
AFP1_Q6	268	266		
ALX4_01	16	15		
CTTTAAR_UNKNOWN	994		Rejected!	
CEBPDELTA_Q6	247	242		
CEBPGAMMA_Q6	259	256		
CRX_Q4	274	268		
DBP_Q6	265	263		
EFC_Q6	275	271		
FOXM1_01	248	247		
FXR_Q3	114	113		
GATA4_Q3	253	251		
GCM_Q2	245	240		
HNF4ALPHA_Q6	271	267		
CYTAGCAAY_UNKNOWN	151	149		
HNF6_Q6	239	239		
HOXA4_Q2	272	267		
HSF_Q6	209	206		
LBP1_Q6	222	220		
LFA1_Q6	251	248		
LXR_Q3	81	81		
MAF_Q6	264	263		
MAZ_Q6	193	192		
MTF1_Q4	256	254		
NFMUE1_Q6	250	248		
GAANYNYGACNY_UNKNOWN	76	76		
NRF1_Q6	262	262		
PEA3_Q6	263	261		
PTF1BETA_Q6	246	243		
PU1_Q6	236	231		
SP3_Q3	249	249		
TCF1P_Q6	271	267		
TCF4_Q5	244	238		
TEF_Q6	262	257		
TEL2_Q6	240	238		
ALPHACP1_01	263	259		
GATGKMRGCG_UNKNOWN	66	65		
AP3_Q6	251	248		
ATF1_Q6	237	234		
E12_Q6	265	262		
E4F1_Q6	292	289		
ETF_Q6	119	118		
HEB_Q6	269	268		
ICSBP_Q6	253	252		
SMAD3_Q6	242	241		
TEF1_Q6	227	222		
TFIII_Q6	207	205		
GCCNNNWTAAR_UNKNOWN	152	150		
TFIIA_Q6	256	253		
MYOGENIN_Q6	259	257		
ZF5_01	237	234		
PAX8_01	39	39		
CACBINDINGPROTEIN_Q6	246	244		
CACCCBINDINGFACTOR_Q6	271	271		
COREBINDINGFACTOR_Q6	276	269		
HNF3ALPHA_Q6	211	210		
HP1SITEFACTOR_Q6	235	232		
USF2_Q6	254	252		
GCGNNANTTCC_UNKNOWN	125	125		
SF1_Q6	260	257		
CDX2_Q5	263	258		
OSF2_Q6	270	267		
SMAD4_Q6	244	241		
CIZ_01	254	252		
GCGSCMNTTT_UNKNOWN	71	71		
HFH4_01	205	204		
POU1F1_Q6	240	232		
LEF1_Q6	267	260		
ELF1_Q6	249	247		
IRF1_Q6	263	261		
SREBP1_Q6	247	247		
HMGIY_Q6	253	248		
AML1_Q6	271	269		
P53_DECAMER_Q2	258	245		
DR1_Q3	264	262		
GCTNWTTGK_UNKNOWN	310	302		
PPAR_DR1_Q2	264	264		
HNF4_DR1_Q3	267	265		
COUP_DR1_Q6	254	253		
LXR_DR4_Q3	93	92		
FXR_IR1_Q6	112	111		
AML_Q6	269	264		
CEBP_Q3	255	249		
ETS_Q4	252	249		
IRF_Q6	244	242		
MYB_Q3	253	248		
GGAANCGGAANY_UNKNOWN	110	110		
NFKB_Q6_01	237	233		
NFY_Q6_01	265	261		
SREBP_Q3	258	256		
STAT_Q6	264	260		
AHR_Q5	221	219		
GATA_Q6	201	199		
HNF1_Q6	256	250		
HNF3_Q6	192	190		
SMAD_Q6	258	254		
YY1_Q6	251	249		
GGAMTNNNNNTCCY_UNKNOWN	119	119		
TTF1_Q6	268	263		
OCT_Q6	267	256		
USF_Q6_01	244	243		
HIF1_Q3	236	234		
MYC_Q2	187	185		
AP2_Q3	255	253		
CREB_Q3	255	251		
PIT1_Q6	239	237		
E2F_Q2	180	177		
E2A_Q2	253	251		
GGARNTKYCCA_UNKNOWN	80	75		
LEF1_Q2	231	225		
NF1_Q6_01	276	273		
EGR_Q6	280	275		
PAX_Q6	264	263		
FOX_Q2	213	211		
SRF_Q4	230	229		
NRF2_Q4	258	255		
CEBP_Q2_01	272	268		
MYB_Q5_01	269	267		
ER_Q6_01	280	280		
GGCKCATGS_UNKNOWN	68	68		
AP2_Q6_01	271	269		
CREB_Q2_01	226	224		
CREB_Q4_01	217	214		
GR_Q6_01	281	276		
SRF_Q5_01	225	223		
AP1_Q2_01	274	270		
AP1_Q6_01	267	262		
GGCNKCCATNK_UNKNOWN	121	121		
AP1_Q4_01	264	262		
AP4_Q6_01	257	256		
MYOD_Q6_01	257	255		
OCT1_Q5_01	275	266		
SP1_Q6_01	248	247		
SP1_Q4_01	259	259		
SP1_Q2_01	250	249		
NFAT_Q4_01	267	264		
GGCNNMSMYNTTG_UNKNOWN	75	73		
MEF2_Q6_01	250	246		
CP2_02	253	251		
AR_02	40	40		
PR_01	149	144		
GR_01	203	200		
AR_03	58	55		
PR_02	135	132		
ER_Q6_02	259	256		
PR_Q2	269	266		
GGCNRNWCTTYS_UNKNOWN	85	85		
VDR_Q6	276	270		
AR_Q6	259	254		
T3R_Q6	256	252		
PXR_Q2	260	259		
DR4_Q2	266	264		
DR3_Q4	149	148		
HNF4_Q6	271	269		
GGGNRMNNYCAT_UNKNOWN	83	82		
GGGYGTGNY_UNKNOWN	686		Rejected!	
GKCGCNNNNNNNTGAYG_UNKNOWN	60	60		
GTCNYYATGR_UNKNOWN	120	118		
GTGGGTGK_UNKNOWN	297	291		
GTTGNYNNRGNAAC_UNKNOWN	111	109		
GTTNYYNNGGTNA_UNKNOWN	90	89		
GTTRYCATRR_UNKNOWN	176	173		
KCCGNSWTTT_UNKNOWN	108	107		
KMCATNNWGGA_UNKNOWN	97	97		
KRCTCNNNNMANAGC_UNKNOWN	66	61		
MCAATNNNNNGCG_UNKNOWN	85	85		
MYAATNNNNNNNGGC_UNKNOWN	112	111		
RAAGNYNNCTTY_UNKNOWN	148	144		
RACTNNRTTTNC_UNKNOWN	130	130		
RNCTGNYNRNCTGNY_UNKNOWN	87	81		
RNGTGGGC_UNKNOWN	784		Rejected!	
RNTCANNRNNYNATTW_UNKNOWN	64	64		
RRAGTTGT_UNKNOWN	257	254		
RTTTNNNYTGGM_UNKNOWN	155	153		
RYAAAKNNNNNNTTGW_UNKNOWN	84	84		
RYCACNNRNNRNCAG_UNKNOWN	76	76		
RYTAAWNNNTGAY_UNKNOWN	63	62		
RYTGCNWTGGNR_UNKNOWN	118	115		
SMTTTTGT_UNKNOWN	407	405		
SNACANNNYSYAGA_UNKNOWN	95	95		
SYATTGTG_UNKNOWN	232	227		
TAANNYSGCG_UNKNOWN	81	80		
TAAYNRNNTCC_UNKNOWN	174	171		
TCCATTKW_UNKNOWN	241	238		
TCCCRNNRTGC_UNKNOWN	216	214		
TGACATY_UNKNOWN	676		Rejected!	
TGCGCANK_UNKNOWN	554		Rejected!	
TGCTGAY_UNKNOWN	547		Rejected!	
TGGNNNNNNKCCAR_UNKNOWN	436	426		
TGTYNNNNNRGCARM_UNKNOWN	88	87		
TMTCGCGANR_UNKNOWN	166	163		
TNCATNTCCYR_UNKNOWN	137	135		
TTANTCA_UNKNOWN	967		Rejected!	
TTANWNANTGGM_UNKNOWN	65	60		
TTCYRGAA_UNKNOWN	340	337		
TTTNNANAGCYR_UNKNOWN	133	128		
WCAANNNYCAG_UNKNOWN	254	254		
WCTCNATGGY_UNKNOWN	83	81		
WGTTNNNNNAAA_UNKNOWN	554		Rejected!	
WTGAAAT_UNKNOWN	625		Rejected!	
WTTGKCTG_UNKNOWN	519		Rejected!	
WWTAAGGC_UNKNOWN	146	145		
WYAAANNRNNNGCG_UNKNOWN	65	64		
YAATNANRNNNCAG_UNKNOWN	70	70		
YAATNRNNNYNATT_UNKNOWN	104	101		
YATTNATC_UNKNOWN	382	372		
YCATTAA_UNKNOWN	567		Rejected!	
YGACNNYACAR_UNKNOWN	99	98		
YGCANTGCR_UNKNOWN	127	127		
YGCGYRCGC_UNKNOWN	326	322		
YGTCCTTGR_UNKNOWN	98	97		
YKACATTT_UNKNOWN	290	286		
YNGTTNNNATT_UNKNOWN	376	371		
YNTTTNNNANGCARM_UNKNOWN	72	70		
YRCCAKNNGNCGC_UNKNOWN	66	66		
YRTCANNRCGC_UNKNOWN	64	64		
YTAAYNGCT_UNKNOWN	154	154		
YTCCCRNNAGGY_UNKNOWN	74	73		
YTTCCNNNGGAMR_UNKNOWN	52	50		
YWATTWNNRGCT_UNKNOWN	71	70		
YYCATTCAWW_UNKNOWN	192	190		
RACCACAR_AML_Q6	268	261		
TGANTCA_AP1_C	1022		Rejected!	
CAGCTG_AP4_Q5	1022		Rejected!	
CAGGTA_AREB6_01	802		Rejected!	
TGACGTCA_ATF3_Q6	235	232		
TGAYRTCA_ATF3_Q6	549		Rejected!	
TTGCWCAAY_CEBPB_02	63	62		
TAATTA_CHX10_01	823		Rejected!	
TTAYRTAA_E4BP4_01	268	265		
GTGACGY_E4F1_Q6	671		Rejected!	
SCGGAAGY_ELK1_02	1022		Rejected!	
TGACCTY_ERR1_Q2	1022		Rejected!	
RYTTCCTG_ETS2_B	1022		Rejected!	
RTAAACA_FREAC2_01	938		Rejected!	
MGGAAGTG_GABP_B	771		Rejected!	
GATAAGR_GATA_C	299	295		
TGATTTRY_GFI1_01	296	295		
AAAYWAACM_HFH4_01	262	259		
RGTTAMWNATT_HNF1_01	74	74		
TGTTTGY_HNF3_Q6	748		Rejected!	
TTCNRGNNNNTTC_HSF_Q6	155	155		
RGAANNTTC_HSF1_01	458	449		
STTTCRNTTT_IRF_Q6	192	191		
CTTTGA_LEF1_Q2	1022		Rejected!	
YTAATTAA_LHX3_01	192	190		
YTATTTTNR_MEF2_02	715		Rejected!	
TGACAGNY_MEIS1_01	850		Rejected!	
RYTGCNNRGNAAC_MIF1_01	90	87		
CACGTG_MYC_Q2	1022		Rejected!	
GCANCTGNY_MYOD_Q6	935		Rejected!	
TGCCAAR_NF1_Q6	727		Rejected!	
TGGAAA_NFAT_Q4_01	1022		Rejected!	
TGASTMAGC_NFE2_01	195	192		
GGGNNTTTCC_NFKB_Q6_01	134	133		
GATTGGY_NFY_Q6_01	1022		Rejected!	
RCGCANGCGY_NRF1_Q6	949		Rejected!	
YATGNWAAT_OCT_C	367	357		
CCCNNGGGAR_OLF1_01	326	321		
CGTSACG_PAX3_B	149	147		
GGGTGGRR_PAX4_03	1022		Rejected!	
GGATTA_PITX2_Q2	594		Rejected!	
RGAGGAARY_PU1_Q6	515		Rejected!	
CTAWWWATA_RSRFC4_Q2	366	362		
TAAWWATAG_RSRFC4_Q2	172	172		
TGACCTTG_SF1_Q6	253	250		
CATTGTYY_SOX9_B1	368	363		
TCANNTGAY_SREBP1_01	479	477		
CCAWWNAAGG_SRF_Q4	88	87		
TTCYNRGAA_STAT5B_01	341	339		
TATAAA_TATA_01	1022		Rejected!	
TGANNYRGCA_TCF11MAFG_01	307	304		
WGGAATGY_TEF1_Q6	387	378		
GCCATNTTG_YY1_Q6	437	435		
METHYLCYTOSINE_DIOXYGENASE_TET_UNIPROT_A0A023HHK9_UNREVIEWED_TARGET_GENES	177	128		
IGLV5_37_TARGET_GENES	636		Rejected!	
BDP1_TARGET_GENES	918		Rejected!	
ZSCAN5C_TARGET_GENES	147	129		
SMCHD1_TARGET_GENES	72	39		
ZSCAN5B_TARGET_GENES	84	57		
AHRR_TARGET_GENES	1022		Rejected!	
OVOL3_TARGET_GENES	508	458		
FOXE1_TARGET_GENES	728		Rejected!	
FOXN3_TARGET_GENES	1022		Rejected!	
KMT2D_TARGET_GENES	796		Rejected!	
ZNF197_TARGET_GENES	655		Rejected!	
PRMT5_TARGET_GENES	102	77		
TERT_TARGET_GENES	127	83		
ZNF213_TARGET_GENES	595		Rejected!	
XPO1_TARGET_GENES	29	23		
SETD1A_TARGET_GENES	1022		Rejected!	
ZBTB5_TARGET_GENES	182	168		
TBX3_TARGET_GENES	351	335		
ZBTB7B_TARGET_GENES	1022		Rejected!	
TP73_TARGET_GENES	875		Rejected!	
FOXP2_TARGET_GENES	1022		Rejected!	
NKX2_8_TARGET_GENES	41	35		
MAFG_TARGET_GENES	1022		Rejected!	
PER1_TARGET_GENES	33	23		
ZBTB24_TARGET_GENES	1022		Rejected!	
HOXC11_TARGET_GENES	54	43		
HOXA2_TARGET_GENES	1022		Rejected!	
TBX1_TARGET_GENES	188	162		
CBFA2T2_TARGET_GENES	1022		Rejected!	
LAMTOR5_TARGET_GENES	5		Rejected!	
CREB3_TARGET_GENES	404	369		
SOX15_TARGET_GENES	5		Rejected!	
ZNF292_TARGET_GENES	24	23		
SYNCRIP_TARGET_GENES	21	17		
CREBL2_TARGET_GENES	11		Rejected!	
FOXD2_TARGET_GENES	1022		Rejected!	
LMX1B_TARGET_GENES	30	24		
ZNF354A_TARGET_GENES	31	19		
ZNF623_TARGET_GENES	95	86		
ZBED4_TARGET_GENES	171	158		
PHF2_TARGET_GENES	1022		Rejected!	
ZC3H11A_TARGET_GENES	593		Rejected!	
NR1I2_TARGET_GENES	342	303		
PSIP1_TARGET_GENES	63	50		
FOXH1_TARGET_GENES	924		Rejected!	
GCM2_TARGET_GENES	1022		Rejected!	
WDHD1_TARGET_GENES	203	166		
KLF7_TARGET_GENES	925		Rejected!	
TOX4_TARGET_GENES	191	174		
NKX2_2_TARGET_GENES	1022		Rejected!	
ZNF202_TARGET_GENES	82	72		
PGM3_TARGET_GENES	269	246		
SVIL_TARGET_GENES	22		Rejected!	
WIZ_TARGET_GENES	19	16		
SNAI1_TARGET_GENES	509	413		
CBX7_TARGET_GENES	962		Rejected!	
PTTG1_TARGET_GENES	80	66		
HAND1_TARGET_GENES	481	418		
EGFR_TARGET_GENES	8		Rejected!	
F10_TARGET_GENES	277	241		
HBZ_TARGET_GENES	778		Rejected!	
NPM1_TARGET_GENES	356	329		
GLI1_TARGET_GENES	617	480		
SNRNP70_TARGET_GENES	1009		Rejected!	
HMGB1_TARGET_GENES	1022		Rejected!	
HOXB7_TARGET_GENES	27	25		
HOXC6_TARGET_GENES	1022		Rejected!	
ZSCAN5DP_TARGET_GENES	1022		Rejected!	
GLI3_TARGET_GENES	742		Rejected!	
GLI4_TARGET_GENES	855		Rejected!	
MYBL1_TARGET_GENES	200	186		
RARB_TARGET_GENES	7		Rejected!	
THRA_TARGET_GENES	110	82		
MTHFD1_TARGET_GENES	12		Rejected!	
SKIL_TARGET_GENES	1022		Rejected!	
ZNF250_TARGET_GENES	505	465		
RAG1_TARGET_GENES	1022		Rejected!	
YBX3_TARGET_GENES	54	54		
ZNF708_TARGET_GENES	96	77		
ZNF16_TARGET_GENES	77	73		
ZNF19_TARGET_GENES	13		Rejected!	
ZNF20_TARGET_GENES	6		Rejected!	
ZNF22_TARGET_GENES	1022		Rejected!	
ZNF23_TARGET_GENES	16	15		
ZNF26_TARGET_GENES	29	23		
ZNF37A_TARGET_GENES	156	128		
ZNF30_TARGET_GENES	1022		Rejected!	
HMGA1_TARGET_GENES	1022		Rejected!	
ZNF7_TARGET_GENES	903		Rejected!	
ZNF8_TARGET_GENES	1022		Rejected!	
HOXB4_TARGET_GENES	1022		Rejected!	
HOXB6_TARGET_GENES	638		Rejected!	
PTPRA_TARGET_GENES	129	109		
ADCYAP1_TARGET_GENES	11		Rejected!	
ATF6_TARGET_GENES	1022		Rejected!	
TFEB_TARGET_GENES	1022		Rejected!	
NR1D1_TARGET_GENES	120	111		
ZNF10_TARGET_GENES	821		Rejected!	
NME2_TARGET_GENES	70	60		
H1_6_TARGET_GENES	527	462		
MYF6_TARGET_GENES	17		Rejected!	
PAX7_TARGET_GENES	712		Rejected!	
PAX3_TARGET_GENES	1022		Rejected!	
MCM3_TARGET_GENES	189	181		
NFKBIA_TARGET_GENES	1022		Rejected!	
DNMT1_TARGET_GENES	181	159		
PAX6_TARGET_GENES	768		Rejected!	
HMGB2_TARGET_GENES	400	348		
MAPK3_TARGET_GENES	65	48		
RPA1_TARGET_GENES	56	36		
PSMB5_TARGET_GENES	307	262		
MSX1_TARGET_GENES	202	178		
SMARCA1_TARGET_GENES	136	116		
MZF1_TARGET_GENES	1022		Rejected!	
RBL1_TARGET_GENES	48	37		
GTF2E2_TARGET_GENES	411	326		
HOXA10_TARGET_GENES	273	241		
HOXA7_TARGET_GENES	115	104		
HOXA13_TARGET_GENES	55	47		
HOXC13_TARGET_GENES	121	108		
HOXD11_TARGET_GENES	148	132		
CIITA_TARGET_GENES	1022		Rejected!	
MCM5_TARGET_GENES	8		Rejected!	
PCGF2_TARGET_GENES	895		Rejected!	
RORA_TARGET_GENES	262	238		
MSX2_TARGET_GENES	11		Rejected!	
NUP214_TARGET_GENES	11		Rejected!	
SOX11_TARGET_GENES	44	41		
TCF7_TARGET_GENES	1022		Rejected!	
RBMX_TARGET_GENES	7		Rejected!	
CUX1_TARGET_GENES	641		Rejected!	
ID1_TARGET_GENES	1022		Rejected!	
SOX3_TARGET_GENES	550	481		
CASP3_TARGET_GENES	15		Rejected!	
RBM34_TARGET_GENES	1022		Rejected!	
NR4A2_TARGET_GENES	5		Rejected!	
CBX5_TARGET_GENES	869		Rejected!	
CDX1_TARGET_GENES	42	36		
HOXA1_TARGET_GENES	1022		Rejected!	
MCM2_TARGET_GENES	61	56		
NUP153_TARGET_GENES	1022		Rejected!	
ZNF165_TARGET_GENES	80	76		
MNX1_TARGET_GENES	5		Rejected!	
LHX2_TARGET_GENES	1022		Rejected!	
FXR1_TARGET_GENES	1011		Rejected!	
ZNF84_TARGET_GENES	1022		Rejected!	
BRCA2_TARGET_GENES	1022		Rejected!	
ZNF157_TARGET_GENES	61	47		
ZNF41_TARGET_GENES	98	88		
NR0B1_TARGET_GENES	233	212		
HDGF_TARGET_GENES	273	256		
GTF2A2_TARGET_GENES	522	433		
ZNF133_TARGET_GENES	154	138		
ZNF136_TARGET_GENES	9		Rejected!	
ZNF140_TARGET_GENES	562	491		
ZNF134_TARGET_GENES	864		Rejected!	
NKX2_5_TARGET_GENES	1022		Rejected!	
TERF1_TARGET_GENES	295	247		
F2RL1_TARGET_GENES	6		Rejected!	
CDH4_TARGET_GENES	84	63		
FOXG1_TARGET_GENES	587		Rejected!	
DLX6_TARGET_GENES	596		Rejected!	
HDAC4_TARGET_GENES	681		Rejected!	
SOX10_TARGET_GENES	301	252		
ZNF445_TARGET_GENES	8		Rejected!	
ISL1_TARGET_GENES	803		Rejected!	
TBPL1_TARGET_GENES	144	112		
SUMO1_TARGET_GENES	925		Rejected!	
UBE2I_TARGET_GENES	70	60		
YBX1_TARGET_GENES	74	66		
PITX1_TARGET_GENES	345	316		
SRPK2_TARGET_GENES	80	62		
IRX3_TARGET_GENES	52	49		
NKX6_1_TARGET_GENES	33	25		
PRKDC_TARGET_GENES	875		Rejected!	
FOXO4_TARGET_GENES	299	268		
TFAM_TARGET_GENES	59		Rejected!	
IRF9_TARGET_GENES	1022		Rejected!	
MDM2_TARGET_GENES	13		Rejected!	
SATB1_TARGET_GENES	1022		Rejected!	
EWSR1_TARGET_GENES	846		Rejected!	
GUCY1B1_TARGET_GENES	686		Rejected!	
ID2_TARGET_GENES	1022		Rejected!	
MAP2K1_TARGET_GENES	9		Rejected!	
TOP2B_TARGET_GENES	613		Rejected!	
HHEX_TARGET_GENES	1022		Rejected!	
LMNB2_TARGET_GENES	38	35		
CEBPZ_TARGET_GENES	1022		Rejected!	
ZNF85_TARGET_GENES	327	282		
HSF2_TARGET_GENES	246	228		
ZNF92_TARGET_GENES	1022		Rejected!	
EMX1_TARGET_GENES	226	202		
MXD1_TARGET_GENES	159	138		
MEF2C_TARGET_GENES	796		Rejected!	
PAX8_TARGET_GENES	88	79		
ZNF33A_TARGET_GENES	251	204		
ZFP36L1_TARGET_GENES	27	16		
DLX2_TARGET_GENES	287	239		
PPARA_TARGET_GENES	66	59		
ZNF816_TARGET_GENES	456	401		
DBP_TARGET_GENES	834		Rejected!	
GTF3C1_TARGET_GENES	7		Rejected!	
TFCP2_TARGET_GENES	75	68		
BPTF_TARGET_GENES	787		Rejected!	
FOXF1_TARGET_GENES	7		Rejected!	
FOXF2_TARGET_GENES	5		Rejected!	
FOXC1_TARGET_GENES	46	36		
CHAF1A_TARGET_GENES	97	90		
CHAF1B_TARGET_GENES	981		Rejected!	
RLF_TARGET_GENES	345	311		
ERCC8_TARGET_GENES	16		Rejected!	
SRSF9_TARGET_GENES	923		Rejected!	
NR5A1_TARGET_GENES	19		Rejected!	
SKP2_TARGET_GENES	69	53		
ATM_TARGET_GENES	16	15		
ZNF211_TARGET_GENES	7		Rejected!	
ILK_TARGET_GENES	25	20		
TCOF1_TARGET_GENES	14		Rejected!	
SNAPC2_TARGET_GENES	13		Rejected!	
SQSTM1_TARGET_GENES	51	39		
IRF5_TARGET_GENES	834		Rejected!	
DYRK1A_TARGET_GENES	774		Rejected!	
LAMB3_TARGET_GENES	9		Rejected!	
NCOA4_TARGET_GENES	833		Rejected!	
SAFB2_TARGET_GENES	808		Rejected!	
TFDP2_TARGET_GENES	5		Rejected!	
WRN_TARGET_GENES	15		Rejected!	
NPAT_TARGET_GENES	277	247		
E2F2_TARGET_GENES	1022		Rejected!	
CSHL1_TARGET_GENES	245	211		
NFE2L1_TARGET_GENES	1022		Rejected!	
NCOA6_TARGET_GENES	354	330		
MEF2D_TARGET_GENES	654		Rejected!	
ARID5B_TARGET_GENES	935		Rejected!	
ZNF169_TARGET_GENES	46	42		
ATXN7L3_TARGET_GENES	281	268		
ZNF146_TARGET_GENES	1022		Rejected!	
ZMYND11_TARGET_GENES	53	37		
E2F5_TARGET_GENES	1022		Rejected!	
SIX1_TARGET_GENES	376	321		
TERF2_TARGET_GENES	136	113		
TEAD2_TARGET_GENES	1022		Rejected!	
NCOA2_TARGET_GENES	530	433		
TRIP13_TARGET_GENES	96	85		
ELF2_TARGET_GENES	1022		Rejected!	
NAB2_TARGET_GENES	1022		Rejected!	
CEBPE_TARGET_GENES	35	31		
NEUROD2_TARGET_GENES	6		Rejected!	
ZFHX3_TARGET_GENES	1022		Rejected!	
ZNF239_TARGET_GENES	38	37		
POU2AF1_TARGET_GENES	922		Rejected!	
TAZ_TARGET_GENES	480	420		
SMN1_SMN2_TARGET_GENES	922		Rejected!	
ZSCAN26_TARGET_GENES	5		Rejected!	
RFX7_TARGET_GENES	500	464		
ZNF423_TARGET_GENES	1022		Rejected!	
ZNF791_TARGET_GENES	66	51		
ZNF528_TARGET_GENES	793		Rejected!	
ZSCAN23_TARGET_GENES	87	71		
ZNF260_TARGET_GENES	500	463		
ZNF404_TARGET_GENES	21	19		
ZBED5_TARGET_GENES	1001		Rejected!	
GREB1_TARGET_GENES	941		Rejected!	
ZNF585B_TARGET_GENES	130	113		
ZNF394_TARGET_GENES	383	364		
COBLL1_TARGET_GENES	149	130		
ZNF766_TARGET_GENES	1022		Rejected!	
ZNF667_TARGET_GENES	148	135		
SNAPC4_TARGET_GENES	138	72		
ZNF362_TARGET_GENES	628		Rejected!	
ZNF618_TARGET_GENES	1022		Rejected!	
ZNF697_TARGET_GENES	92	58		
ZNF318_TARGET_GENES	495	441		
ZNF776_TARGET_GENES	8		Rejected!	
ZNF626_TARGET_GENES	12		Rejected!	
ZNF660_TARGET_GENES	791		Rejected!	
HMBOX1_TARGET_GENES	1022		Rejected!	
ZNF746_TARGET_GENES	79	70		
ZNF774_TARGET_GENES	8		Rejected!	
CAVIN1_TARGET_GENES	90	78		
CDC73_TARGET_GENES	517	466		
CC2D1A_TARGET_GENES	1022		Rejected!	
ZNF529_TARGET_GENES	30	22		
NFRKB_TARGET_GENES	1022		Rejected!	
ZNF530_TARGET_GENES	6		Rejected!	
ZNF549_TARGET_GENES	594		Rejected!	
ZNF449_TARGET_GENES	1022		Rejected!	
CTR9_TARGET_GENES	66	59		
FOXR2_TARGET_GENES	234	196		
ZNF322_TARGET_GENES	940		Rejected!	
DPPA3_TARGET_GENES	8		Rejected!	
KDM7A_TARGET_GENES	1022		Rejected!	
AEBP2_TARGET_GENES	1022		Rejected!	
NFXL1_TARGET_GENES	369	336		
ZNF704_TARGET_GENES	66	64		
SRCAP_TARGET_GENES	530	439		
ZBTB49_TARGET_GENES	5		Rejected!	
TSHZ1_TARGET_GENES	191	170		
CREB3L2_TARGET_GENES	131	119		
MED25_TARGET_GENES	111	83		
ASXL2_TARGET_GENES	25	23		
SETX_TARGET_GENES	1022		Rejected!	
ZSCAN2_TARGET_GENES	908		Rejected!	
PBRM1_TARGET_GENES	8		Rejected!	
ZNF329_TARGET_GENES	586		Rejected!	
ZNF589_TARGET_GENES	688		Rejected!	
ZNF410_TARGET_GENES	623		Rejected!	
ZSCAN30_TARGET_GENES	1022		Rejected!	
CARM1_TARGET_GENES	13		Rejected!	
ZNF677_TARGET_GENES	133	117		
ZNF354C_TARGET_GENES	5		Rejected!	
ZNF584_TARGET_GENES	183	166		
ZNF547_TARGET_GENES	149	140		
ARID3B_TARGET_GENES	115	87		
ZSCAN29_TARGET_GENES	1022		Rejected!	
ZNF595_TARGET_GENES	90	83		
ZZZ3_TARGET_GENES	121	113		
ZNF34_TARGET_GENES	70	64		
ZNF101_TARGET_GENES	234	218		
SS18_SSX1_FUSION_UNIPROT_Q8IZH1_UNREVIEWED_TARGET_GENES	93	87		
ZNF654_TARGET_GENES	628		Rejected!	
MYOCD_TARGET_GENES	572	495		
MIER1_TARGET_GENES	375	333		
ZFP82_TARGET_GENES	44	32		
BCL6B_TARGET_GENES	168	150		
PIAS4_TARGET_GENES	78	68		
ZNF664_TARGET_GENES	985		Rejected!	
LCORL_TARGET_GENES	455	411		
PGBD5_TARGET_GENES	21	15		
ZNF843_TARGET_GENES	891		Rejected!	
RYBP_TARGET_GENES	1022		Rejected!	
ZNF561_TARGET_GENES	867		Rejected!	
PAF1_TARGET_GENES	77	60		
ZNF433_TARGET_GENES	66	53		
ZNF781_TARGET_GENES	204	146		
ZNF513_TARGET_GENES	772		Rejected!	
ZNF491_TARGET_GENES	10		Rejected!	
ZNF454_TARGET_GENES	19		Rejected!	
BANP_TARGET_GENES	748		Rejected!	
ZNF610_TARGET_GENES	894		Rejected!	
ZNF579_TARGET_GENES	652		Rejected!	
ZSCAN4_TARGET_GENES	1020		Rejected!	
KDM1B_TARGET_GENES	102	83		
ZNF784_TARGET_GENES	397	372		
HJURP_TARGET_GENES	28	23		
ZBTB44_TARGET_GENES	325	307		
ZNF740_TARGET_GENES	1022		Rejected!	
ZNF548_TARGET_GENES	45	41		
ZNF680_TARGET_GENES	631		Rejected!	
SUPT20H_TARGET_GENES	1022		Rejected!	
ZNF555_TARGET_GENES	75	47		
TET1_TARGET_GENES	855		Rejected!	
ZFP28_TARGET_GENES	126	83		
ZNF563_TARGET_GENES	646		Rejected!	
SNIP1_TARGET_GENES	771		Rejected!	
NKX2_3_TARGET_GENES	539	490		
ZSCAN18_TARGET_GENES	48	44		
BAHD1_TARGET_GENES	39	24		
ZNF502_TARGET_GENES	35	29		
ZNF596_TARGET_GENES	656		Rejected!	
ZNF507_TARGET_GENES	653		Rejected!	
KLF14_TARGET_GENES	253	230		
CREB3L4_TARGET_GENES	1022		Rejected!	
ZNF418_TARGET_GENES	43	34		
SETD7_TARGET_GENES	991		Rejected!	
AUTS2_TARGET_GENES	451	408		
JDP2_TARGET_GENES	1022		Rejected!	
HSD17B8_TARGET_GENES	659		Rejected!	
MAML1_TARGET_GENES	312	254		
ZNF592_TARGET_GENES	1022		Rejected!	
GTF3A_TARGET_GENES	77		Rejected!	
KAT2A_TARGET_GENES	1022		Rejected!	
DLX4_TARGET_GENES	857		Rejected!	
KAT5_TARGET_GENES	910		Rejected!	
BRF1_TARGET_GENES	64	46		
ZNF622_TARGET_GENES	68	64		
PBXIP1_TARGET_GENES	277	200		
PHF21A_TARGET_GENES	284	260		
ZNF669_TARGET_GENES	131	112		
CENPT_TARGET_GENES	83	73		
ZNF707_TARGET_GENES	53	39		
ZNF524_TARGET_GENES	355	328		
ZNF501_TARGET_GENES	13		Rejected!	
ZNF837_TARGET_GENES	9		Rejected!	
MCRS1_TARGET_GENES	39	35		
SIPA1_TARGET_GENES	147	123		
HMCES_TARGET_GENES	22		Rejected!	
ZNF274_TARGET_GENES	1022		Rejected!	
ZNF486_TARGET_GENES	294	179		
ZNF419_TARGET_GENES	8		Rejected!	
RBM17_TARGET_GENES	7		Rejected!	
RAX2_TARGET_GENES	72	66		
CHAMP1_TARGET_GENES	208	179		
ZFP91_TARGET_GENES	1022		Rejected!	
ZNF514_TARGET_GENES	8		Rejected!	
ZNF512B_TARGET_GENES	218	199		
ZNF354B_TARGET_GENES	204	189		
ZSCAN31_TARGET_GENES	927		Rejected!	
ZNF597_TARGET_GENES	877		Rejected!	
ZNF512_TARGET_GENES	441	362		
ZNF488_TARGET_GENES	44	35		
ZNF560_TARGET_GENES	50	46		
ZNF830_TARGET_GENES	283	267		
ZNF558_TARGET_GENES	312	260		
ZNF582_TARGET_GENES	75	60		
ZFP3_TARGET_GENES	355	322		
ZIM3_TARGET_GENES	1022		Rejected!	
LMTK3_TARGET_GENES	592		Rejected!	
ALKBH3_TARGET_GENES	438	402		
NR1H4_TARGET_GENES	315	279		
CIC_TARGET_GENES	411	358		
WRNIP1_TARGET_GENES	1000		Rejected!	
SRPK1_TARGET_GENES	342	302		
ATOH8_TARGET_GENES	36	33		
RBM15_TARGET_GENES	145	132		
INSM2_TARGET_GENES	836		Rejected!	
CDC5L_TARGET_GENES	334	258		
MPHOSPH8_TARGET_GENES	10		Rejected!	
FEV_TARGET_GENES	1022		Rejected!	
ZBTB18_TARGET_GENES	843		Rejected!	
PHB2_TARGET_GENES	198	170		
ZNF184_TARGET_GENES	1022		Rejected!	
SIGMAR1_TARGET_GENES	15		Rejected!	
EBNA1BP2_TARGET_GENES	373	335		
ZNF2_TARGET_GENES	1022		Rejected!	
ZNF577_TARGET_GENES	522	447		
PCGF1_TARGET_GENES	546		Rejected!	
DIDO1_TARGET_GENES	1022		Rejected!	
ZNF426_TARGET_GENES	88	59		
ZNF416_TARGET_GENES	5		Rejected!	
HDAC8_TARGET_GENES	132	115		
KDM5D_TARGET_GENES	1022		Rejected!	
PCGF6_TARGET_GENES	68	61		
BACH2_TARGET_GENES	1022		Rejected!	
BARHL1_TARGET_GENES	1022		Rejected!	
IRX2_TARGET_GENES	162	154		
FOXQ1_TARGET_GENES	38	37		
ZNF436_TARGET_GENES	502	450		
ZNF407_TARGET_GENES	1022		Rejected!	
ZNF350_TARGET_GENES	1022		Rejected!	
HOXD1_TARGET_GENES	77	55		
ALX4_TARGET_GENES	32	27		
EPC1_TARGET_GENES	218	209		
ADNP_TARGET_GENES	94	82		
PRDM12_TARGET_GENES	150	109		
ZNF768_TARGET_GENES	1022		Rejected!	
STN1_TARGET_GENES	11		Rejected!	
TDRD3_TARGET_GENES	5		Rejected!	
VRTN_TARGET_GENES	23		Rejected!	
BRF2_TARGET_GENES	20		Rejected!	
TAF9B_TARGET_GENES	565	485		
BARX1_TARGET_GENES	1022		Rejected!	
ARNT2_TARGET_GENES	673		Rejected!	
HES4_TARGET_GENES	597		Rejected!	
ZNF532_TARGET_GENES	65	56		
METTL14_TARGET_GENES	155	120		
UBN1_TARGET_GENES	1022		Rejected!	
LHX9_TARGET_GENES	1022		Rejected!	
PRDM5_TARGET_GENES	121	92		
ZNF331_TARGET_GENES	366	316		
ZNF302_TARGET_GENES	6		Rejected!	
ASH1L_TARGET_GENES	1022		Rejected!	
DROSHA_TARGET_GENES	69	43		
ARHGAP35_TARGET_GENES	119	93		
SIRT3_TARGET_GENES	59	43		
THAP1_TARGET_GENES	1022		Rejected!	
ZNF586_TARGET_GENES	34	30		
UBP1_TARGET_GENES	1022		Rejected!	
ADA2_TARGET_GENES	846		Rejected!	
ZNF224_TARGET_GENES	1022		Rejected!	
FOXJ2_TARGET_GENES	591		Rejected!	
ZNF581_TARGET_GENES	327	304		
HMG20B_TARGET_GENES	1022		Rejected!	
PPARGC1A_TARGET_GENES	100	92		
HEY2_TARGET_GENES	74	58		
LHX3_TARGET_GENES	37	33		
ZMYM2_TARGET_GENES	129	119		
ZNF282_TARGET_GENES	1022		Rejected!	
SFMBT1_TARGET_GENES	1022		Rejected!	
NUFIP1_TARGET_GENES	47	38		
DACH1_TARGET_GENES	987		Rejected!	
SIX4_TARGET_GENES	42	41		
ZNF391_TARGET_GENES	954		Rejected!	
SALL4_TARGET_GENES	1022		Rejected!	
ZNF112_TARGET_GENES	7		Rejected!	
FOXD3_TARGET_GENES	35	33		
ZNF223_TARGET_GENES	322	292		
TASOR_TARGET_GENES	290	266		
CASP8AP2_TARGET_GENES	341	292		
PRDM4_TARGET_GENES	456	409		
ELF5_TARGET_GENES	444	412		
ZNF236_TARGET_GENES	212	195		
ZNF214_TARGET_GENES	7		Rejected!	
ZNF777_TARGET_GENES	49	43		
ZNF490_TARGET_GENES	350	287		
HSF4_TARGET_GENES	17		Rejected!	
NOTCH3_TARGET_GENES	1022		Rejected!	
ZA_UNIPROT_Q9UM89_UNREVIEWED_TARGET_GENES	57	54		
BARX2_TARGET_GENES	1022		Rejected!	
DICER1_TARGET_GENES	69	48		
RUVBL2_TARGET_GENES	38	35		
RUVBL1_TARGET_GENES	180	150		
ATF5_TARGET_GENES	458	408		
ZNF510_TARGET_GENES	41	37		
ZBTB1_TARGET_GENES	115	103		
ZNF257_TARGET_GENES	559		Rejected!	
THRAP3_TARGET_GENES	29	21		
MED16_TARGET_GENES	47	29		
ZBTB12_TARGET_GENES	1022		Rejected!	
ZNF711_TARGET_GENES	1022		Rejected!	
ZNF175_TARGET_GENES	840		Rejected!	
NFE2L3_TARGET_GENES	16		Rejected!	
NEUROG3_TARGET_GENES	24	18		
HES2_TARGET_GENES	1022		Rejected!	
ZSCAN21_TARGET_GENES	504	458		
SUPT16H_TARGET_GENES	1022		Rejected!	
DMRT1_TARGET_GENES	410	373		
NR2E3_TARGET_GENES	6		Rejected!	
DNMT3A_TARGET_GENES	593		Rejected!	
ZFP37_TARGET_GENES	6		Rejected!	
SETBP1_TARGET_GENES	186	168		
MORC2_TARGET_GENES	1022		Rejected!	
E2F_01	68	67		
E2F_02	238	237		
CDPCR3_01	57	54		
TAXCREB_02	27	27		
PAX3_01	22	22		
E2F_Q3	228	225		
E2F_Q4	238	237		
E2F_Q6	236	235		
E2F1_Q3	247	244		
E2F1_Q4	249	245		
E2F1_Q6	236	235		
HMX1_01	43	43		
ROAZ_01	11		Rejected!	
E2F_03	249	245		
E2F1DP1_01	238	237		
E2F1DP2_01	238	237		
E2F4DP1_01	242	241		
E2F4DP2_01	238	237		
E2F1DP1RB_01	233	231		
E2F_Q3_01	236	233		
E2F_Q4_01	238	235		
E2F_Q6_01	242	239		
E2F1_Q3_01	250	246		
E2F1_Q4_01	229	227		
E2F1_Q6_01	243	241		
KTGGYRSGAA_UNKNOWN	77	75		
RRCCGTTA_UNKNOWN	88	87		
SGCGSSAAA_E2F1DP2_01	170	169		
